<?xml version="1.0" encoding="UTF-8" ?>
<!DOCTYPE mapper PUBLIC "-//mybatis.org//DTD Mapper 3.0//EN" "http://mybatis.org/dtd/mybatis-3-mapper.dtd" >
<mapper namespace="com.shxt.student.dao.WorksDao" >
    <resultMap id="BaseResultMap" type="com.shxt.student.model.Works" >
        <id column="works_id" property="works_id" jdbcType="VARCHAR" />
        <result column="works_student_id" property="works_student_id" jdbcType="VARCHAR" />
        <result column="works_answer_id" property="works_answer_id" jdbcType="VARCHAR" />
        <result column="works_label" property="works_label" jdbcType="VARCHAR" />
        <result column="works_code_update" property="works_code_update" jdbcType="VARCHAR" />
        <result column="works_js_data" property="works_js_data" jdbcType="VARCHAR" />
        <result column="works_video" property="works_video" jdbcType="VARCHAR" />
        <result column="works_states" property="works_states" jdbcType="VARCHAR" />
    </resultMap>
    <sql id="answer_works_manage_columns" >
        works_id, works_student_id, works_answer_id, works_label, works_code_update, works_js_data, 
        works_video, works_states
    </sql>
    <select id="load" resultMap="BaseResultMap" parameterType="java.lang.String" >
        select 
        <include refid="answer_works_manage_columns" />
        from answer_works_manage
        where works_id = #{works_id,jdbcType=VARCHAR}
    </select>
    <delete id="delete" parameterType="java.lang.String" >
        delete from answer_works_manage
        where works_id = #{works_id,jdbcType=VARCHAR}
    </delete>
    <insert id="add" parameterType="com.shxt.student.model.Works" >
        insert into answer_works_manage
        <trim prefix="(" suffix=")" suffixOverrides="," >
            <if test="works_id != null" >
                works_id,
            </if>
            <if test="works_student_id != null" >
                works_student_id,
            </if>
            <if test="works_answer_id != null" >
                works_answer_id,
            </if>
            <if test="works_label != null" >
                works_label,
            </if>
            <if test="works_code_update != null" >
                works_code_update,
            </if>
            <if test="works_js_data != null" >
                works_js_data,
            </if>
            <if test="works_video != null" >
                works_video,
            </if>
            <if test="works_states != null" >
                works_states,
            </if>
        </trim>
        <trim prefix="values (" suffix=")" suffixOverrides="," >
            <if test="works_id != null" >
                #{works_id,jdbcType=VARCHAR},
            </if>
            <if test="works_student_id != null" >
                #{works_student_id,jdbcType=VARCHAR},
            </if>
            <if test="works_answer_id != null" >
                #{works_answer_id,jdbcType=VARCHAR},
            </if>
            <if test="works_label != null" >
                #{works_label,jdbcType=VARCHAR},
            </if>
            <if test="works_code_update != null" >
                #{works_code_update,jdbcType=VARCHAR},
            </if>
            <if test="works_js_data != null" >
                #{works_js_data,jdbcType=VARCHAR},
            </if>
            <if test="works_video != null" >
                #{works_video,jdbcType=VARCHAR},
            </if>
            <if test="works_states != null" >
                #{works_states,jdbcType=VARCHAR},
            </if>
        </trim>
    </insert>
    <update id="update" parameterType="com.shxt.student.model.Works" >
        update answer_works_manage
        <set >
            <if test="works_student_id != null" >
                works_student_id = #{works_student_id,jdbcType=VARCHAR},
            </if>
            <if test="works_answer_id != null" >
                works_answer_id = #{works_answer_id,jdbcType=VARCHAR},
            </if>
            <if test="works_label != null" >
                works_label = #{works_label,jdbcType=VARCHAR},
            </if>
            <if test="works_code_update != null" >
                works_code_update = #{works_code_update,jdbcType=VARCHAR},
            </if>
            <if test="works_js_data != null" >
                works_js_data = #{works_js_data,jdbcType=VARCHAR},
            </if>
            <if test="works_video != null" >
                works_video = #{works_video,jdbcType=VARCHAR},
            </if>
            <if test="works_states != null" >
                works_states = #{works_states,jdbcType=VARCHAR},
            </if>
        </set>
        where works_id = #{works_id,jdbcType=VARCHAR}
    </update>
</mapper>